,word,index,frequency
0,<start>,0,-6.3080984415095305
1,!,1,0.0
2,.,2,-0.16606103592217458
3,the,3,-0.8358277678380559
4,#,4,-1.2143482407027686
5,a,5,-1.2205021062771464
6,i,6,-1.3108861677454153
7,to,7,-1.3664560189002262
8,and,8,-1.4252965189231603
9,my,9,-1.4329011183083789
10,this,10,-1.448286037147859
11,for,11,-1.5459245067117746
12,@,12,-1.5545082504031664
13,in,13,-1.6929779246682712
14,'s,14,-1.7231309628389586
15,it,15,-1.8772816426662176
16,of,16,-1.8892578337129327
17,on,17,-2.01763900036114
18,you,18,-2.0596031994601716
19,?,19,-2.0596031994601716
20,is,20,-2.1649637151179983
21,with,21,-2.2137538792874296
22,...,22,-2.247655430963112
23,available,23,-2.3191143949452564
24,be,24,-2.3378065279574085
25,site,25,-2.3378065279574085
26,me,26,-2.356854722928103
27,day,27,-2.416278143398904
28,at,28,-2.416278143398904
29,love,29,-2.43689743060164
30,today,30,-2.5239088075912695
31,new,31,-2.594526374805223
32,that,32,-2.594526374805223
33,will,33,-2.6192189873955942
34,have,34,-2.697180528865306
35,are,35,-2.752750380020117
36,she,36,-2.752750380020117
37,just,37,-2.7817379168933694
38,),38,-2.842362538709804
39,your,39,-2.842362538709804
40,out,40,-2.906901059847375
41,look,41,-2.9408026115230563
42,up,42,-2.9758939313343267
43,n't,43,-2.9758939313343267
44,from,44,-2.9758939313343267
45,what,45,-2.9758939313343267
46,week,46,-3.012261575505202
47,ladies,47,-3.012261575505202
48,we,48,-3.012261575505202
49,do,49,-3.012261575505202
50,now,50,-3.0500019034880483
51,``,51,-3.0500019034880483
52,'',52,-3.0500019034880483
53,all,53,-3.0500019034880483
54,time,54,-3.08922261664133
55,work,55,-3.08922261664133
56,like,56,-3.08922261664133
57,so,57,-3.08922261664133
58,:,58,-3.08922261664133
59,'m,59,-3.1726042255803812
60,was,60,-3.1726042255803812
61,by,61,-3.1726042255803812
62,added,62,-3.217055988151215
63,one,63,-3.217055988151215
64,photo,64,-3.217055988151215
65,night,65,-3.2635760037861075
66,shop,66,-3.2635760037861075
67,go,67,-3.2635760037861075
68,but,68,-3.2635760037861075
69,happy,69,-3.3123661679555396
70,little,70,-3.3123661679555396
71,how,71,-3.3123661679555396
72,dog,72,-3.3123661679555396
73,-,73,-3.3123661679555396
74,baby,74,-3.3636594623430907
75,her,75,-3.3636594623430907
76,these,76,-3.3636594623430907
77,some,77,-3.3636594623430907
78,arrivals,78,-3.4177266836133664
79,(,79,-3.4177266836133664
80,only,80,-3.4748850974533148
81,he,81,-3.4748850974533148
82,next,82,-3.5355097192697493
83,still,83,-3.5355097192697493
84,thanks,84,-3.5355097192697493
85,when,85,-3.5355097192697493
86,right,86,-3.5355097192697493
87,rocking,87,-3.6000482404073204
88,good,88,-3.6000482404073204
89,bliss,89,-3.6000482404073204
90,great,90,-3.6000482404073204
91,tonight,91,-3.6000482404073204
92,pretty,92,-3.6000482404073204
93,got,93,-3.6000482404073204
94,top,94,-3.669041111894272
95,get,95,-3.669041111894272
96,link,96,-3.669041111894272
97,back,97,-3.669041111894272
98,morning,98,-3.669041111894272
99,more,99,-3.7431490840479937
100,girl,100,-3.7431490840479937
101,has,101,-3.7431490840479937
102,last,102,-3.7431490840479937
103,best,103,-3.7431490840479937
104,friends,104,-3.7431490840479937
105,dress,105,-3.82319179172153
106,loving,106,-3.82319179172153
107,crimsonsfi9est,107,-3.82319179172153
108,boy,108,-3.82319179172153
109,ready,109,-3.82319179172153
110,heelstotoe,110,-3.82319179172153
111,can,111,-3.82319179172153
112,who,112,-3.82319179172153
113,made,113,-3.82319179172153
114,engagement,114,-3.82319179172153
115,ring,115,-3.82319179172153
116,{,116,-3.82319179172153
117,},117,-3.82319179172153
118,tomorrow,118,-3.9102031687111602
119,black,119,-3.9102031687111602
120,white,120,-3.9102031687111602
121,wedding,121,-3.9102031687111602
122,cute,122,-3.9102031687111602
123,favorite,123,-3.9102031687111602
124,always,124,-3.9102031687111602
125,face,125,-3.9102031687111602
126,if,126,-3.9102031687111602
127,such,127,-3.9102031687111602
128,birthday,128,-3.9102031687111602
129,about,129,-4.0055133485154855
130,ordering,130,-4.0055133485154855
131,ca,131,-4.0055133485154855
132,been,132,-4.0055133485154855
133,please,133,-4.0055133485154855
134,getting,134,-4.0055133485154855
135,had,135,-4.0055133485154855
136,nice,136,-4.0055133485154855
137,did,137,-4.0055133485154855
138,much,138,-4.0055133485154855
139,lovely,139,-4.0055133485154855
140,his,140,-4.0055133485154855
141,could,141,-4.0055133485154855
142,luna,142,-4.0055133485154855
143,way,143,-4.1108738641733105
144,both,144,-4.1108738641733105
145,first,145,-4.1108738641733105
146,bio,146,-4.1108738641733105
147,not,147,-4.1108738641733105
148,oh,148,-4.1108738641733105
149,thank,149,-4.1108738641733105
150,perfect,150,-4.1108738641733105
151,ever,151,-4.1108738641733105
152,scouting,152,-4.1108738641733105
153,chicago,153,-4.1108738641733105
154,school,154,-4.1108738641733105
155,1,155,-4.228656899829694
156,big,156,-4.228656899829694
157,food,157,-4.228656899829694
158,small,158,-4.228656899829694
159,color,159,-4.228656899829694
160,skirt,160,-4.228656899829694
161,or,161,-4.228656899829694
162,while,162,-4.228656899829694
163,amazing,163,-4.228656899829694
164,years,164,-4.228656899829694
165,few,165,-4.228656899829694
166,would,166,-4.228656899829694
167,dinner,167,-4.228656899829694
168,no,168,-4.228656899829694
169,picture,169,-4.228656899829694
170,around,170,-4.228656899829694
171,friend,171,-4.228656899829694
172,bailey,172,-4.228656899829694
173,need,173,-4.228656899829694
174,lol,174,-4.228656899829694
175,an,175,-4.228656899829694
176,too,176,-4.228656899829694
177,old,177,-4.228656899829694
178,tag,178,-4.228656899829694
179,life,179,-4.362188292454217
180,jumpsuit,180,-4.362188292454217
181,wait,181,-4.362188292454217
182,over,182,-4.362188292454217
183,down,183,-4.362188292454217
184,very,184,-4.362188292454217
185,blissed,185,-4.362188292454217
186,feeling,186,-4.362188292454217
187,going,187,-4.362188292454217
188,everyone,188,-4.362188292454217
189,enjoying,189,-4.362188292454217
190,take,190,-4.362188292454217
191,hair,191,-4.362188292454217
192,as,192,-4.362188292454217
193,2,193,-4.362188292454217
194,again,194,-4.362188292454217
195,days,195,-4.362188292454217
196,man,196,-4.362188292454217
197,weekend,197,-4.362188292454217
198,know,198,-4.362188292454217
199,looks,199,-4.362188292454217
200,off,200,-4.362188292454217
201,does,201,-4.362188292454217
202,beautiful,202,-4.362188292454217
203,softball,203,-4.362188292454217
204,two,204,-4.362188292454217
205,'re,205,-4.362188292454217
206,here,206,-4.362188292454217
207,being,207,-4.362188292454217
208,make,208,-4.362188292454217
209,every,209,-4.362188292454217
210,garden,210,-4.362188292454217
211,location,211,-4.362188292454217
212,date,212,-4.516338972281476
213,also,213,-4.516338972281476
214,denim,214,-4.516338972281476
215,type,215,-4.516338972281476
216,s,216,-4.516338972281476
217,left,217,-4.516338972281476
218,price,218,-4.516338972281476
219,family,219,-4.516338972281476
220,help,220,-4.516338972281476
221,everything,221,-4.516338972281476
222,having,222,-4.516338972281476
223,coming,223,-4.516338972281476
224,pants,224,-4.516338972281476
225,stock,225,-4.516338972281476
226,outside,226,-4.516338972281476
227,click,227,-4.516338972281476
228,full,228,-4.516338972281476
229,them,229,-4.516338972281476
230,fun,230,-4.516338972281476
231,drop,231,-4.516338972281476
232,girls,232,-4.516338972281476
233,break,233,-4.516338972281476
234,think,234,-4.516338972281476
235,photos,235,-4.516338972281476
236,looking,236,-4.516338972281476
237,happen,237,-4.516338972281476
238,happened,238,-4.516338972281476
239,lady,239,-4.516338972281476
240,they,240,-4.516338972281476
241,another,241,-4.516338972281476
242,'d,242,-4.516338972281476
243,our,243,-4.516338972281476
244,there,244,-4.516338972281476
245,shot,245,-4.516338972281476
246,'ve,246,-4.516338972281476
247,wear,247,-4.516338972281476
248,proposal,248,-4.516338972281476
249,gold,249,-4.516338972281476
250,shanecompany,250,-4.516338972281476
251,feel,251,-4.698660529075431
252,size,252,-4.698660529075431
253,must,253,-4.698660529075431
254,say,254,-4.698660529075431
255,come,255,-4.698660529075431
256,am,256,-4.698660529075431
257,smile,257,-4.698660529075431
258,well,258,-4.698660529075431
259,m,259,-4.698660529075431
260,l,260,-4.698660529075431
261,olive,261,-4.698660529075431
262,cardigan,262,-4.698660529075431
263,blue,263,-4.698660529075431
264,because,264,-4.698660529075431
265,blessed,265,-4.698660529075431
266,updated,266,-4.698660529075431
267,tired,267,-4.698660529075431
268,hope,268,-4.698660529075431
269,purchase,269,-4.698660529075431
270,double,270,-4.698660529075431
271,sunday,271,-4.698660529075431
272,start,272,-4.698660529075431
273,end,273,-4.698660529075431
274,after,274,-4.698660529075431
275,together,275,-4.698660529075431
276,side,276,-4.698660529075431
277,then,277,-4.698660529075431
278,shine,278,-4.698660529075431
279,real,279,-4.698660529075431
280,laugh,280,-4.698660529075431
281,pink,281,-4.698660529075431
282,which,282,-4.698660529075431
283,doing,283,-4.698660529075431
284,people,284,-4.698660529075431
285,ta,285,-4.698660529075431
286,something,286,-4.698660529075431
287,'ll,287,-4.698660529075431
288,found,288,-4.698660529075431
289,kind,289,-4.698660529075431
290,let,290,-4.698660529075431
291,park,291,-4.698660529075431
292,lily,292,-4.698660529075431
293,dad,293,-4.698660529075431
294,yes,294,-4.698660529075431
295,sometimes,295,-4.698660529075431
296,sure,296,-4.698660529075431
297,ice,297,-4.698660529075431
298,almost,298,-4.698660529075431
299,taking,299,-4.698660529075431
300,cascades,300,-4.698660529075431
301,sunset,301,-4.698660529075431
302,lucky,302,-4.698660529075431
303,profile,303,-4.698660529075431
304,want,304,-4.698660529075431
305,blissboutiquear,305,-4.92180408038964
306,comfy,306,-4.92180408038964
307,late,307,-4.92180408038964
308,colors,308,-4.92180408038964
309,hustlenheels2_,309,-4.92180408038964
310,game,310,-4.92180408038964
311,miss,311,-4.92180408038964
312,flow,312,-4.92180408038964
313,word,313,-4.92180408038964
314,their,314,-4.92180408038964
315,support,315,-4.92180408038964
316,call,316,-4.92180408038964
317,seen,317,-4.92180408038964
318,piece,318,-4.92180408038964
319,beat,319,-4.92180408038964
320,jeans,320,-4.92180408038964
321,us,321,-4.92180408038964
322,set,322,-4.92180408038964
323,rise,323,-4.92180408038964
324,see,324,-4.92180408038964
325,watch,325,-4.92180408038964
326,early,326,-4.92180408038964
327,leave,327,-4.92180408038964
328,rock,328,-4.92180408038964
329,should,329,-4.92180408038964
330,sleepy,330,-4.92180408038964
331,seriously,331,-4.92180408038964
332,true,332,-4.92180408038964
333,never,333,-4.92180408038964
334,whittle,334,-4.92180408038964
335,ago,335,-4.92180408038964
336,yesterday,336,-4.92180408038964
337,hanging,337,-4.92180408038964
338,job,338,-4.92180408038964
339,haha,339,-4.92180408038964
340,where,340,-4.92180408038964
341,men,341,-4.92180408038964
342,crazy,342,-4.92180408038964
343,season,343,-4.92180408038964
344,damn,344,-4.92180408038964
345,loves,345,-4.92180408038964
346,gorgeous,346,-4.92180408038964
347,spoiled,347,-4.92180408038964
348,someone,348,-4.92180408038964
349,;,349,-4.92180408038964
350,better,350,-4.92180408038964
351,myself,351,-4.92180408038964
352,10,352,-4.92180408038964
353,team,353,-4.92180408038964
354,why,354,-4.92180408038964
355,book,355,-4.92180408038964
356,knows,356,-4.92180408038964
357,enough,357,-4.92180408038964
358,national,358,-4.92180408038964
359,shots,359,-4.92180408038964
360,art,360,-4.92180408038964
361,cool,361,-4.92180408038964
362,sunrise,362,-4.92180408038964
363,view,363,-4.92180408038964
364,north,364,-4.92180408038964
365,adventure,365,-4.92180408038964
366,couple,366,-4.92180408038964
367,most,367,-4.92180408038964
368,heart,368,-4.92180408038964
369,hand,369,-4.92180408038964
370,singlestonela,370,-4.92180408038964
371,y'all,371,-4.92180408038964
372,rings,372,-4.92180408038964
373,style,373,-4.92180408038964
374,coffee,374,-4.92180408038964
375,wings,375,-4.92180408038964
376,..,376,-4.92180408038964
377,bob,377,-5.209486152841421
378,joggers,378,-5.209486152841421
379,shirt,379,-5.209486152841421
380,stay,380,-5.209486152841421
381,hammer,381,-5.209486152841421
382,post,382,-5.209486152841421
383,sold,383,-5.209486152841421
384,fix,384,-5.209486152841421
385,business,385,-5.209486152841421
386,sizes,386,-5.209486152841421
387,friday,387,-5.209486152841421
388,pick,388,-5.209486152841421
389,those,389,-5.209486152841421
390,mood,390,-5.209486152841421
391,holiday,391,-5.209486152841421
392,show,392,-5.209486152841421
393,tho,393,-5.209486152841421
394,selfie,394,-5.209486152841421
395,order,395,-5.209486152841421
396,any,396,-5.209486152841421
397,princess,397,-5.209486152841421
398,follow,398,-5.209486152841421
399,shoes,399,-5.209486152841421
400,yellow,400,-5.209486152841421
401,continued,401,-5.209486152841421
402,weeks,402,-5.209486152841421
403,bad,403,-5.209486152841421
404,same,404,-5.209486152841421
405,words,405,-5.209486152841421
406,restock,406,-5.209486152841421
407,soon,407,-5.209486152841421
408,nudity,408,-5.209486152841421
409,bed,409,-5.209486152841421
410,items,410,-5.209486152841421
411,year,411,-5.209486152841421
412,yourself,412,-5.209486152841421
413,cut,413,-5.209486152841421
414,live,414,-5.209486152841421
415,before,415,-5.209486152841421
416,high,416,-5.209486152841421
417,lunch,417,-5.209486152841421
418,deal,418,-5.209486152841421
419,forgot,419,-5.209486152841421
420,nights,420,-5.209486152841421
421,put,421,-5.209486152841421
422,though,422,-5.209486152841421
423,kids,423,-5.209486152841421
424,guys,424,-5.209486152841421
425,course,425,-5.209486152841421
426,moment,426,-5.209486152841421
427,wants,427,-5.209486152841421
428,dead,428,-5.209486152841421
429,niece,429,-5.209486152841421
430,playing,430,-5.209486152841421
431,even,431,-5.209486152841421
432,classy,432,-5.209486152841421
433,cowboys,433,-5.209486152841421
434,spending,434,-5.209486152841421
435,future,435,-5.209486152841421
436,thought,436,-5.209486152841421
437,repost,437,-5.209486152841421
438,boys,438,-5.209486152841421
439,cat,439,-5.209486152841421
440,brother,440,-5.209486152841421
441,prepping,441,-5.209486152841421
442,truth,442,-5.209486152841421
443,own,443,-5.209486152841421
444,bar,444,-5.209486152841421
445,says,445,-5.209486152841421
446,babies,446,-5.209486152841421
447,care,447,-5.209486152841421
448,dancing,448,-5.209486152841421
449,stays,449,-5.209486152841421
450,beard,450,-5.209486152841421
451,totally,451,-5.209486152841421
452,tiffspliffington,452,-5.209486152841421
453,took,453,-5.209486152841421
454,three,454,-5.209486152841421
455,lot,455,-5.209486152841421
456,inside,456,-5.209486152841421
457,met,457,-5.209486152841421
458,trying,458,-5.209486152841421
459,faces,459,-5.209486152841421
460,staring,460,-5.209486152841421
461,mini,461,-5.209486152841421
462,snow,462,-5.209486152841421
463,month,463,-5.209486152841421
464,fur,464,-5.209486152841421
465,light,465,-5.209486152841421
466,seeing,466,-5.209486152841421
467,into,467,-5.209486152841421
468,puppy,468,-5.209486152841421
469,session,469,-5.209486152841421
470,fire,470,-5.209486152841421
471,beach,471,-5.209486152841421
472,wandering,472,-5.209486152841421
473,porch,473,-5.209486152841421
474,trick,474,-5.209486152841421
475,definitely,475,-5.209486152841421
476,cream,476,-5.209486152841421
477,giving,477,-5.209486152841421
478,bands,478,-5.209486152841421
479,simple,479,-5.209486152841421
480,vintage,480,-5.209486152841421
481,halo,481,-5.209486152841421
482,happens,482,-5.209486152841421
483,propose,483,-5.209486152841421
484,question,484,-5.209486152841421
485,classic,485,-5.209486152841421
486,round,486,-5.209486152841421
487,tonya,487,-5.209486152841421
488,beer,488,-5.209486152841421
489,rasta,489,-5.209486152841421
490,productionlife,490,-5.209486152841421
491,grey,491,-5.614951260949585
492,vegas,492,-5.614951260949585
493,tune,493,-5.614951260949585
494,holds,494,-5.614951260949585
495,eat,495,-5.614951260949585
496,beauty,496,-5.614951260949585
497,comes,497,-5.614951260949585
498,thinking,498,-5.614951260949585
499,fall,499,-5.614951260949585
500,already,500,-5.614951260949585
501,crew,501,-5.614951260949585
502,kinkykurlydiva,502,-5.614951260949585
503,doll,503,-5.614951260949585
504,medium,504,-5.614951260949585
505,restocking,505,-5.614951260949585
506,fashion,506,-5.614951260949585
507,hot,507,-5.614951260949585
508,taste,508,-5.614951260949585
509,rainbow,509,-5.614951260949585
510,dark,510,-5.614951260949585
511,celebrating,511,-5.614951260949585
512,uploaded,512,-5.614951260949585
513,admiring,513,-5.614951260949585
514,halloween,514,-5.614951260949585
515,blissful,515,-5.614951260949585
516,yall,516,-5.614951260949585
517,paired,517,-5.614951260949585
518,pump,518,-5.614951260949585
519,woman,519,-5.614951260949585
520,gone,520,-5.614951260949585
521,wind,521,-5.614951260949585
522,t-shirt,522,-5.614951260949585
523,sitting,523,-5.614951260949585
524,chanel,524,-5.614951260949585
525,neon,525,-5.614951260949585
526,pair,526,-5.614951260949585
527,needed,527,-5.614951260949585
528,breeze,528,-5.614951260949585
529,&,529,-5.614951260949585
530,eve,530,-5.614951260949585
531,growing,531,-5.614951260949585
532,keeping,532,-5.614951260949585
533,natural,533,-5.614951260949585
534,grab,534,-5.614951260949585
535,mock,535,-5.614951260949585
536,waiting,536,-5.614951260949585
537,rarely,537,-5.614951260949585
538,causal,538,-5.614951260949585
539,sun,539,-5.614951260949585
540,ship,540,-5.614951260949585
541,summer,541,-5.614951260949585
542,complete,542,-5.614951260949585
543,turned,543,-5.614951260949585
544,fast,544,-5.614951260949585
545,jou,545,-5.614951260949585
546,signedgorgeous,546,-5.614951260949585
547,oldie,547,-5.614951260949585
548,goodie,548,-5.614951260949585
549,unit,549,-5.614951260949585
550,jacket,550,-5.614951260949585
551,bug,551,-5.614951260949585
552,shortly,552,-5.614951260949585
553,choose,553,-5.614951260949585
554,happiness,554,-5.614951260949585
555,leather,555,-5.614951260949585
556,yours,556,-5.614951260949585
557,money,557,-5.614951260949585
558,bracelet,558,-5.614951260949585
559,blush,559,-5.614951260949585
560,tassels,560,-5.614951260949585
561,absolutely,561,-5.614951260949585
562,relaxed,562,-5.614951260949585
563,purple,563,-5.614951260949585
564,courtesy,564,-5.614951260949585
565,straight,565,-5.614951260949585
566,zip,566,-5.614951260949585
567,large,567,-5.614951260949585
568,comfort,568,-5.614951260949585
569,stop,569,-5.614951260949585
570,pre-orders,570,-5.614951260949585
571,believe,571,-5.614951260949585
572,through,572,-5.614951260949585
573,name,573,-5.614951260949585
574,feet,574,-5.614951260949585
575,kicked,575,-5.614951260949585
576,kim,576,-5.614951260949585
577,k,577,-5.614951260949585
578,inspired,578,-5.614951260949585
579,during,579,-5.614951260949585
580,bring,580,-5.614951260949585
581,beef,581,-5.614951260949585
582,worth,582,-5.614951260949585
583,tbt,583,-5.614951260949585
584,rocknrosestyles,584,-5.614951260949585
585,wanted,585,-5.614951260949585
586,cuteness,586,-5.614951260949585
587,',587,-5.614951260949585
588,other,588,-5.614951260949585
589,starting,589,-5.614951260949585
590,studio,590,-5.614951260949585
591,sunshine,591,-5.614951260949585
592,rlizak,592,-5.614951260949585
593,nuts,593,-5.614951260949585
594,beyond,594,-5.614951260949585
595,djc89,595,-5.614951260949585
596,harry,596,-5.614951260949585
597,potter,597,-5.614951260949585
598,called,598,-5.614951260949585
599,pro,599,-5.614951260949585
600,loveher,600,-5.614951260949585
601,named,601,-5.614951260949585
602,bowie,602,-5.614951260949585
603,change,603,-5.614951260949585
604,listen,604,-5.614951260949585
605,were,605,-5.614951260949585
606,coma,606,-5.614951260949585
607,quote,607,-5.614951260949585
608,killer,608,-5.614951260949585
609,kitty,609,-5.614951260949585
610,legs,610,-5.614951260949585
611,part,611,-5.614951260949585
612,aunt,612,-5.614951260949585
613,literally,613,-5.614951260949585
614,asked,614,-5.614951260949585
615,tuesday,615,-5.614951260949585
616,grumpy,616,-5.614951260949585
617,random,617,-5.614951260949585
618,trip,618,-5.614951260949585
619,hear,619,-5.614951260949585
620,beast,620,-5.614951260949585
621,tell,621,-5.614951260949585
622,omg,622,-5.614951260949585
623,mom,623,-5.614951260949585
624,meliarlene,624,-5.614951260949585
625,children,625,-5.614951260949585
626,--,626,-5.614951260949585
627,forever,627,-5.614951260949585
628,cold,628,-5.614951260949585
629,sick,629,-5.614951260949585
630,living,630,-5.614951260949585
631,space,631,-5.614951260949585
632,hopping,632,-5.614951260949585
633,alcohol,633,-5.614951260949585
634,home,634,-5.614951260949585
635,heading,635,-5.614951260949585
636,coast,636,-5.614951260949585
637,yummy,637,-5.614951260949585
638,ana,638,-5.614951260949585
639,fruit,639,-5.614951260949585
640,mommy,640,-5.614951260949585
641,win,641,-5.614951260949585
642,views,642,-5.614951260949585
643,utsa,643,-5.614951260949585
644,said,644,-5.614951260949585
645,head,645,-5.614951260949585
646,hours,646,-5.614951260949585
647,bedtime,647,-5.614951260949585
648,scenery,648,-5.614951260949585
649,p,649,-5.614951260949585
650,drink,650,-5.614951260949585
651,until,651,-5.614951260949585
652,keep,652,-5.614951260949585
653,sleep,653,-5.614951260949585
654,volleyball,654,-5.614951260949585
655,shows,655,-5.614951260949585
656,yeah,656,-5.614951260949585
657,grilled,657,-5.614951260949585
658,prettiest,658,-5.614951260949585
659,glad,659,-5.614951260949585
660,cstumpff,660,-5.614951260949585
661,clothes,661,-5.614951260949585
662,prithy6,662,-5.614951260949585
663,trilogy,663,-5.614951260949585
664,commence,664,-5.614951260949585
665,play,665,-5.614951260949585
666,important,666,-5.614951260949585
667,fortune,667,-5.614951260949585
668,cookie,668,-5.614951260949585
669,aka,669,-5.614951260949585
670,hello,670,-5.614951260949585
671,upside,671,-5.614951260949585
672,figured,672,-5.614951260949585
673,weird,673,-5.614951260949585
674,melissa,674,-5.614951260949585
675,ass,675,-5.614951260949585
676,nails,676,-5.614951260949585
677,super,677,-5.614951260949585
678,gosh,678,-5.614951260949585
679,hahah,679,-5.614951260949585
680,red,680,-5.614951260949585
681,cutest,681,-5.614951260949585
682,thing,682,-5.614951260949585
683,holidays,683,-5.614951260949585
684,many,684,-5.614951260949585
685,town,685,-5.614951260949585
686,pa,686,-5.614951260949585
687,shoot,687,-5.614951260949585
688,kicking,688,-5.614951260949585
689,hell,689,-5.614951260949585
690,5,690,-5.614951260949585
691,yellowstone,691,-5.614951260949585
692,delicious,692,-5.614951260949585
693,hammock,693,-5.614951260949585
694,washington,694,-5.614951260949585
695,4th,695,-5.614951260949585
696,rain,696,-5.614951260949585
697,design,697,-5.614951260949585
698,carrots,698,-5.614951260949585
699,portrait,699,-5.614951260949585
700,hiding,700,-5.614951260949585
701,find,701,-5.614951260949585
702,trail,702,-5.614951260949585
703,vscocam,703,-5.614951260949585
704,8,704,-5.614951260949585
705,filled,705,-5.614951260949585
706,likes,706,-5.614951260949585
707,setting,707,-5.614951260949585
708,t,708,-5.614951260949585
709,meat,709,-5.614951260949585
710,seattle,710,-5.614951260949585
711,south,711,-5.614951260949585
712,place,712,-5.614951260949585
713,drunk,713,-5.614951260949585
714,shopping,714,-5.614951260949585
715,favorites,715,-5.614951260949585
716,tree,716,-5.614951260949585
717,distance,717,-5.614951260949585
718,pure,718,-5.614951260949585
719,ask,719,-5.614951260949585
720,pass,720,-5.614951260949585
721,joey,721,-5.614951260949585
722,shiny,722,-5.614951260949585
723,pose,723,-5.614951260949585
724,soul,724,-5.614951260949585
725,teeth,725,-5.614951260949585
726,dear,726,-5.614951260949585
727,posing,727,-5.614951260949585
728,roof,728,-5.614951260949585
729,troublemaker,729,-5.614951260949585
730,funny,730,-5.614951260949585
731,give,731,-5.614951260949585
732,might,732,-5.614951260949585
733,hungry,733,-5.614951260949585
734,catch,734,-5.614951260949585
735,mouth,735,-5.614951260949585
736,models,736,-5.614951260949585
737,hat,737,-5.614951260949585
738,moments,738,-5.614951260949585
739,oval,739,-5.614951260949585
740,rose,740,-5.614951260949585
741,diamond,741,-5.614951260949585
742,smiles,742,-5.614951260949585
743,100,743,-5.614951260949585
744,%,744,-5.614951260949585
745,hard,745,-5.614951260949585
746,willowlanephotography,746,-5.614951260949585
747,hint,747,-5.614951260949585
748,regram,748,-5.614951260949585
749,wednesdays,749,-5.614951260949585
750,paris,750,-5.614951260949585
751,huge,751,-5.614951260949585
752,trumpetandhorn,752,-5.614951260949585
753,bride,753,-5.614951260949585
754,tap,754,-5.614951260949585
755,12,755,-5.614951260949585
756,wild,756,-5.614951260949585
757,fair,757,-5.614951260949585
758,sparkle,758,-5.614951260949585
759,finger,759,-5.614951260949585
760,engaged,760,-5.614951260949585
761,caption,761,-5.614951260949585
762,elegant,762,-5.614951260949585
763,winner,763,-5.614951260949585
764,chicken,764,-5.614951260949585
765,mind,765,-5.614951260949585
766,makes,766,-5.614951260949585
767,onsie,767,-5.614951260949585
768,bbq,768,-5.614951260949585
769,rad,769,-5.614951260949585
770,making,770,-5.614951260949585
771,unicorn,771,-5.614951260949585
772,riding,772,-5.614951260949585
773,fathersontime,773,-5.614951260949585
774,duke,774,-5.614951260949585
775,brothers,775,-5.614951260949585
776,grade,776,-5.614951260949585
777,homemade,777,-5.614951260949585
778,grandpa,778,-5.614951260949585
779,duties,779,-5.614951260949585
780,1st,780,-5.614951260949585
781,steak,781,-5.614951260949585
782,line,782,-5.614951260949585
783,version,783,-5.614951260949585
784,craft,784,-5.614951260949585
785,eyes,785,-5.614951260949585
786,ilovela,786,-5.614951260949585
787,bless,787,-6.3080984415095305
788,bleed,788,-6.3080984415095305
789,block,789,-6.3080984415095305
790,second,790,-6.3080984415095305
791,aztec,791,-6.3080984415095305
792,bae,792,-6.3080984415095305
793,treasure,793,-6.3080984415095305
794,heaven,794,-6.3080984415095305
795,sales,795,-6.3080984415095305
796,killed,796,-6.3080984415095305
797,mz_marvelous_dr,797,-6.3080984415095305
798,sorry,798,-6.3080984415095305
799,once,799,-6.3080984415095305
800,bermuda,800,-6.3080984415095305
801,minnie,801,-6.3080984415095305
802,7jessicasally,802,-6.3080984415095305
803,slit,803,-6.3080984415095305
804,killin,804,-6.3080984415095305
805,saturday,805,-6.3080984415095305
806,cap,806,-6.3080984415095305
807,limited,807,-6.3080984415095305
808,rust,808,-6.3080984415095305
809,2-piece,809,-6.3080984415095305
810,royal,810,-6.3080984415095305
811,sissy,811,-6.3080984415095305
812,blissing,812,-6.3080984415095305
813,thanksgivings,813,-6.3080984415095305
814,minus,814,-6.3080984415095305
815,swiping,815,-6.3080984415095305
816,cards,816,-6.3080984415095305
817,blis,817,-6.3080984415095305
818,1_in_a_milli,818,-6.3080984415095305
819,jersey,819,-6.3080984415095305
820,class,820,-6.3080984415095305
821,supporting,821,-6.3080984415095305
822,spirit,822,-6.3080984415095305
823,bdonnas,823,-6.3080984415095305
824,alert,824,-6.3080984415095305
825,maxi,825,-6.3080984415095305
826,dresses,826,-6.3080984415095305
827,carry,827,-6.3080984415095305
828,tricking,828,-6.3080984415095305
829,treating,829,-6.3080984415095305
830,peek,830,-6.3080984415095305
831,boo,831,-6.3080984415095305
832,monday,832,-6.3080984415095305
833,busiest,833,-6.3080984415095305
834,grind,834,-6.3080984415095305
835,silk,835,-6.3080984415095305
836,newbie,836,-6.3080984415095305
837,amber,837,-6.3080984415095305
838,note,838,-6.3080984415095305
839,hit,839,-6.3080984415095305
840,arrival,840,-6.3080984415095305
841,peplum,841,-6.3080984415095305
842,supplies,842,-6.3080984415095305
843,nubian,843,-6.3080984415095305
844,amourshoetique,844,-6.3080984415095305
845,dope,845,-6.3080984415095305
846,brooch,846,-6.3080984415095305
847,theb11_boutique_,847,-6.3080984415095305
848,woke,848,-6.3080984415095305
849,add,849,-6.3080984415095305
850,aqua,850,-6.3080984415095305
851,disappointed,851,-6.3080984415095305
852,correction,852,-6.3080984415095305
853,blowing,853,-6.3080984415095305
854,sandals,854,-6.3080984415095305
855,tub,855,-6.3080984415095305
856,sale,856,-6.3080984415095305
857,item,857,-6.3080984415095305
858,vest,858,-6.3080984415095305
859,customers,859,-6.3080984415095305
860,activities,860,-6.3080984415095305
861,sasha,861,-6.3080984415095305
862,effect,862,-6.3080984415095305
863,clutch,863,-6.3080984415095305
864,iamjacquem,864,-6.3080984415095305
865,healthy,865,-6.3080984415095305
866,malaysia,866,-6.3080984415095305
867,worst,867,-6.3080984415095305
868,plush,868,-6.3080984415095305
869,necks,869,-6.3080984415095305
870,burgundy,870,-6.3080984415095305
871,rocked,871,-6.3080984415095305
872,draya,872,-6.3080984415095305
873,nothing,873,-6.3080984415095305
874,bathroom,874,-6.3080984415095305
875,pic,875,-6.3080984415095305
876,suit,876,-6.3080984415095305
877,sweater,877,-6.3080984415095305
878,lmn,878,-6.3080984415095305
879,mostly,879,-6.3080984415095305
880,heard,880,-6.3080984415095305
881,ha,881,-6.3080984415095305
882,its,882,-6.3080984415095305
883,sites,883,-6.3080984415095305
884,skater,884,-6.3080984415095305
885,gearing,885,-6.3080984415095305
886,miami,886,-6.3080984415095305
887,godly,887,-6.3080984415095305
888,green,888,-6.3080984415095305
889,pics,889,-6.3080984415095305
890,wished,890,-6.3080984415095305
891,sweaters,891,-6.3080984415095305
892,ensure,892,-6.3080984415095305
893,successful,893,-6.3080984415095305
894,u-part,894,-6.3080984415095305
895,b-girl,895,-6.3080984415095305
896,matching,896,-6.3080984415095305
897,atl,897,-6.3080984415095305
898,adding,898,-6.3080984415095305
899,kick,899,-6.3080984415095305
900,bracelets,900,-6.3080984415095305
901,lightning,901,-6.3080984415095305
902,bolt,902,-6.3080984415095305
903,1.50,903,-6.3080984415095305
904,gloves,904,-6.3080984415095305
905,forever21,905,-6.3080984415095305
906,grabbing,906,-6.3080984415095305
907,ball,907,-6.3080984415095305
908,dropped,908,-6.3080984415095305
909,necessary,909,-6.3080984415095305
910,manolo,910,-6.3080984415095305
911,blow,911,-6.3080984415095305
912,mo,912,-6.3080984415095305
913,daily,913,-6.3080984415095305
914,competition,914,-6.3080984415095305
915,bootie,915,-6.3080984415095305
916,justice,916,-6.3080984415095305
917,liquor,917,-6.3080984415095305
918,camel,918,-6.3080984415095305
919,sweetpea,919,-6.3080984415095305
920,pleaded,920,-6.3080984415095305
921,cutesy,921,-6.3080984415095305
922,booski,922,-6.3080984415095305
923,rusty,923,-6.3080984415095305
924,compton,924,-6.3080984415095305
925,became,925,-6.3080984415095305
926,toyawright,926,-6.3080984415095305
927,custom,927,-6.3080984415095305
928,bringing,928,-6.3080984415095305
929,championship,929,-6.3080984415095305
930,stout,930,-6.3080984415095305
931,jumper,931,-6.3080984415095305
932,zone,932,-6.3080984415095305
933,pit,933,-6.3080984415095305
934,pop,934,-6.3080984415095305
935,mrsblessing2015,935,-6.3080984415095305
936,brush,936,-6.3080984415095305
937,decided,937,-6.3080984415095305
938,try,938,-6.3080984415095305
939,carmin,939,-6.3080984415095305
940,cause,940,-6.3080984415095305
941,thirsty,941,-6.3080984415095305
942,open,942,-6.3080984415095305
943,bbw,943,-6.3080984415095305
944,ms.,944,-6.3080984415095305
945,marley,945,-6.3080984415095305
946,hairstyle,946,-6.3080984415095305
947,relaxing,947,-6.3080984415095305
948,client,948,-6.3080984415095305
949,hats,949,-6.3080984415095305
950,worn,950,-6.3080984415095305
951,heather,951,-6.3080984415095305
952,check,952,-6.3080984415095305
953,discounted,953,-6.3080984415095305
954,difference,954,-6.3080984415095305
955,harlem,955,-6.3080984415095305
956,dijon,956,-6.3080984415095305
957,chair,957,-6.3080984415095305
958,em,958,-6.3080984415095305
959,emilyb_,959,-6.3080984415095305
960,contagious,960,-6.3080984415095305
961,booties,961,-6.3080984415095305
962,boots,962,-6.3080984415095305
963,sequins,963,-6.3080984415095305
964,inspiration,964,-6.3080984415095305
965,navy,965,-6.3080984415095305
966,son,966,-6.3080984415095305
967,prayer,967,-6.3080984415095305
968,changes,968,-6.3080984415095305
969,teenager,969,-6.3080984415095305
970,earlier,970,-6.3080984415095305
971,waist,971,-6.3080984415095305
972,blazer,972,-6.3080984415095305
973,starving,973,-6.3080984415095305
974,erica,974,-6.3080984415095305
975,grateful,975,-6.3080984415095305
976,timeline,976,-6.3080984415095305
977,journee,977,-6.3080984415095305
978,curls,978,-6.3080984415095305
979,guaranteed,979,-6.3080984415095305
980,pay,980,-6.3080984415095305
981,mua,981,-6.3080984415095305
982,allowing,982,-6.3080984415095305
983,sleeveless,983,-6.3080984415095305
984,chillin,984,-6.3080984415095305
985,fellas,985,-6.3080984415095305
986,neck,986,-6.3080984415095305
987,body,987,-6.3080984415095305
988,hollywood_thaboss,988,-6.3080984415095305
989,planning,989,-6.3080984415095305
990,2015,990,-6.3080984415095305
991,stupid,991,-6.3080984415095305
992,sound,992,-6.3080984415095305
993,build,993,-6.3080984415095305
994,giraffes,994,-6.3080984415095305
995,spaceships,995,-6.3080984415095305
996,vista,996,-6.3080984415095305
997,treelizard,997,-6.3080984415095305
998,protect,998,-6.3080984415095305
999,bone,999,-6.3080984415095305
1000,soooo,1000,-6.3080984415095305
1001,mall,1001,-6.3080984415095305
1002,background:3,1002,-6.3080984415095305
1003,loveeeely,1003,-6.3080984415095305
1004,wish,1004,-6.3080984415095305
1005,skies,1005,-6.3080984415095305
1006,naturally,1006,-6.3080984415095305
1007,doodle,1007,-6.3080984415095305
1008,jasssss,1008,-6.3080984415095305
1009,pipe,1009,-6.3080984415095305
1010,cleaner,1010,-6.3080984415095305
1011,later,1011,-6.3080984415095305
1012,border,1012,-6.3080984415095305
1013,collie,1013,-6.3080984415095305
1014,sit,1014,-6.3080984415095305
1015,saying,1015,-6.3080984415095305
1016,texasgirl,1016,-6.3080984415095305
1017,rambunctious,1017,-6.3080984415095305
1018,hour,1018,-6.3080984415095305
1019,sunburn,1019,-6.3080984415095305
1020,decide,1020,-6.3080984415095305
1021,wisely,1021,-6.3080984415095305
1022,born,1022,-6.3080984415095305
1023,problems,1023,-6.3080984415095305
1024,longmorning,1024,-6.3080984415095305
1025,pats,1025,-6.3080984415095305
1026,excitement,1026,-6.3080984415095305
1027,victorialeeq,1027,-6.3080984415095305
1028,cross,1028,-6.3080984415095305
1029,1800+,1029,-6.3080984415095305
1030,demon,1030,-6.3080984415095305
1031,eleanor,1031,-6.3080984415095305
1032,boston,1032,-6.3080984415095305
1033,awesome,1033,-6.3080984415095305
1034,normal,1034,-6.3080984415095305
1035,ashpie,1035,-6.3080984415095305
1036,transformation,1036,-6.3080984415095305
1037,jasmine,1037,-6.3080984415095305
1038,hitting,1038,-6.3080984415095305
1039,balls,1039,-6.3080984415095305
1040,bra,1040,-6.3080984415095305
1041,husband,1041,-6.3080984415095305
1042,sleeps,1042,-6.3080984415095305
1043,cranked,1043,-6.3080984415095305
1044,mydad,1044,-6.3080984415095305
1045,notes,1045,-6.3080984415095305
1046,meowing,1046,-6.3080984415095305
1047,ferocious,1047,-6.3080984415095305
1048,ya,1048,-6.3080984415095305
1049,siblings,1049,-6.3080984415095305
1050,parents,1050,-6.3080984415095305
1051,bomb,1051,-6.3080984415095305
1052,outfits,1052,-6.3080984415095305
1053,angels,1053,-6.3080984415095305
1054,rebeccarvajal,1054,-6.3080984415095305
1055,20,1055,-6.3080984415095305
1056,oscars,1056,-6.3080984415095305
1057,drawing,1057,-6.3080984415095305
1058,seahorses,1058,-6.3080984415095305
1059,sharpies,1059,-6.3080984415095305
1060,attempt,1060,-6.3080984415095305
1061,devour,1061,-6.3080984415095305
1062,progress,1062,-6.3080984415095305
1063,swear,1063,-6.3080984415095305
1064,cheating,1064,-6.3080984415095305
1065,koda,1065,-6.3080984415095305
1066,safesets,1066,-6.3080984415095305
1067,domination,1067,-6.3080984415095305
1068,promise,1068,-6.3080984415095305
1069,use,1069,-6.3080984415095305
1070,puffer,1070,-6.3080984415095305
1071,desk,1071,-6.3080984415095305
1072,whaaattt,1072,-6.3080984415095305
1073,pillowcase,1073,-6.3080984415095305
1074,meant,1074,-6.3080984415095305
1075,motorcycles,1075,-6.3080984415095305
1076,sillyme,1076,-6.3080984415095305
1077,annoying,1077,-6.3080984415095305
1078,trixie,1078,-6.3080984415095305
1079,sounds,1079,-6.3080984415095305
1080,fantastic,1080,-6.3080984415095305
1081,concept,1081,-6.3080984415095305
1082,league,1082,-6.3080984415095305
1083,belgian,1083,-6.3080984415095305
1084,ale,1084,-6.3080984415095305
1085,rasberry,1085,-6.3080984415095305
1086,tart,1086,-6.3080984415095305
1087,ai,1087,-6.3080984415095305
1088,ornament,1088,-6.3080984415095305
1089,perception,1089,-6.3080984415095305
1090,quoteoftheday,1090,-6.3080984415095305
1091,lets,1091,-6.3080984415095305
1092,feels,1092,-6.3080984415095305
1093,popped,1093,-6.3080984415095305
1094,visit,1094,-6.3080984415095305
1095,benny,1095,-6.3080984415095305
1096,dos,1096,-6.3080984415095305
1097,equis,1097,-6.3080984415095305
1098,recently,1098,-6.3080984415095305
1099,grown,1099,-6.3080984415095305
1100,fond,1100,-6.3080984415095305
1101,each,1101,-6.3080984415095305
1102,without,1102,-6.3080984415095305
1103,rabbit,1103,-6.3080984415095305
1104,pooped,1104,-6.3080984415095305
1105,dogs,1105,-6.3080984415095305
1106,blast,1106,-6.3080984415095305
1107,80th,1107,-6.3080984415095305
1108,grandma,1108,-6.3080984415095305
1109,spend,1109,-6.3080984415095305
1110,rest,1110,-6.3080984415095305
1111,evening,1111,-6.3080984415095305
1112,killme,1112,-6.3080984415095305
1113,whyisthishappening,1113,-6.3080984415095305
1114,goes,1114,-6.3080984415095305
1115,chubacabra,1115,-6.3080984415095305
1116,dial,1116,-6.3080984415095305
1117,1-800-ban-anas,1117,-6.3080984415095305
1118,problem,1118,-6.3080984415095305
1119,strawberries,1119,-6.3080984415095305
1120,kisses,1120,-6.3080984415095305
1121,beggar,1121,-6.3080984415095305
1122,26th,1122,-6.3080984415095305
1123,juggernots,1123,-6.3080984415095305
1124,private,1124,-6.3080984415095305
1125,suite,1125,-6.3080984415095305
1126,22nd,1126,-6.3080984415095305
1127,floor,1127,-6.3080984415095305
1128,river,1128,-6.3080984415095305
1129,rmdrk,1129,-6.3080984415095305
1130,delicate,1130,-6.3080984415095305
1131,precious,1131,-6.3080984415095305
1132,dance-filled,1132,-6.3080984415095305
1133,loser,1133,-6.3080984415095305
1134,countrymusic,1134,-6.3080984415095305
1135,suppose,1135,-6.3080984415095305
1136,downtown,1136,-6.3080984415095305
1137,quieter,1137,-6.3080984415095305
1138,lyrics,1138,-6.3080984415095305
1139,lays,1139,-6.3080984415095305
1140,toy,1140,-6.3080984415095305
1141,lazydog,1141,-6.3080984415095305
1142,pounds,1142,-6.3080984415095305
1143,greater,1143,-6.3080984415095305
1144,than,1144,-6.3080984415095305
1145,imagine,1145,-6.3080984415095305
1146,health,1146,-6.3080984415095305
1147,weightwatchers,1147,-6.3080984415095305
1148,none,1148,-6.3080984415095305
1149,chant,1149,-6.3080984415095305
1150,jog,1150,-6.3080984415095305
1151,along,1151,-6.3080984415095305
1152,filter,1152,-6.3080984415095305
1153,factual,1153,-6.3080984415095305
1154,stuff,1154,-6.3080984415095305
1155,ze,1155,-6.3080984415095305
1156,lizlicious2187,1156,-6.3080984415095305
1157,contain,1157,-6.3080984415095305
1158,prettylittleliars,1158,-6.3080984415095305
1159,beggars,1159,-6.3080984415095305
1160,choosers,1160,-6.3080984415095305
1161,louie,1161,-6.3080984415095305
1162,fell,1162,-6.3080984415095305
1163,asleep,1163,-6.3080984415095305
1164,bowl,1164,-6.3080984415095305
1165,weirdo,1165,-6.3080984415095305
1166,cars,1166,-6.3080984415095305
1167,drive,1167,-6.3080984415095305
1168,close,1168,-6.3080984415095305
1169,baybay,1169,-6.3080984415095305
1170,imissyou,1170,-6.3080984415095305
1171,release,1171,-6.3080984415095305
1172,stress,1172,-6.3080984415095305
1173,dying,1173,-6.3080984415095305
1174,different,1174,-6.3080984415095305
1175,areas,1175,-6.3080984415095305
1176,wth,1176,-6.3080984415095305
1177,arrived,1177,-6.3080984415095305
1178,mail,1178,-6.3080984415095305
1179,months,1179,-6.3080984415095305
1180,europe,1180,-6.3080984415095305
1181,opening,1181,-6.3080984415095305
1182,noteventempted,1182,-6.3080984415095305
1183,continue,1183,-6.3080984415095305
1184,improve,1184,-6.3080984415095305
1185,curves,1185,-6.3080984415095305
1186,issue,1186,-6.3080984415095305
1187,belief,1187,-6.3080984415095305
1188,kiddos,1188,-6.3080984415095305
1189,due,1189,-6.3080984415095305
1190,ribs,1190,-6.3080984415095305
1191,chef,1191,-6.3080984415095305
1192,optimus,1192,-6.3080984415095305
1193,cleaning,1193,-6.3080984415095305
1194,helovesme,1194,-6.3080984415095305
1195,secret,1195,-6.3080984415095305
1196,santa,1196,-6.3080984415095305
1197,jewelry,1197,-6.3080984415095305
1198,box,1198,-6.3080984415095305
1199,stole,1199,-6.3080984415095305
1200,blanket,1200,-6.3080984415095305
1201,toesies,1201,-6.3080984415095305
1202,sentiment,1202,-6.3080984415095305
1203,winning,1203,-6.3080984415095305
1204,jackpot,1204,-6.3080984415095305
1205,starbucks,1205,-6.3080984415095305
1206,movie,1206,-6.3080984415095305
1207,bestfriend,1207,-6.3080984415095305
1208,edge,1208,-6.3080984415095305
1209,batting,1209,-6.3080984415095305
1210,cages,1210,-6.3080984415095305
1211,storms,1211,-6.3080984415095305
1212,splish,1212,-6.3080984415095305
1213,splash,1213,-6.3080984415095305
1214,rare,1214,-6.3080984415095305
1215,flooding,1215,-6.3080984415095305
1216,stuck,1216,-6.3080984415095305
1217,everybody,1217,-6.3080984415095305
1218,meet,1218,-6.3080984415095305
1219,boris,1219,-6.3080984415095305
1220,butterfly,1220,-6.3080984415095305
1221,bought,1221,-6.3080984415095305
1222,700+worth,1222,-6.3080984415095305
1223,lovemyjob,1223,-6.3080984415095305
1224,6am,1224,-6.3080984415095305
1225,beaut,1225,-6.3080984415095305
1226,creep,1226,-6.3080984415095305
1227,taken,1227,-6.3080984415095305
1228,differently,1228,-6.3080984415095305
1229,sexual,1229,-6.3080984415095305
1230,installed,1230,-6.3080984415095305
1231,apple,1231,-6.3080984415095305
1232,appeasement,1232,-6.3080984415095305
1233,send,1233,-6.3080984415095305
1234,text,1234,-6.3080984415095305
1235,bowling,1235,-6.3080984415095305
1236,strangers,1236,-6.3080984415095305
1237,doesithavetoend,1237,-6.3080984415095305
1238,goodness,1238,-6.3080984415095305
1239,sistaaaa,1239,-6.3080984415095305
1240,celebration,1240,-6.3080984415095305
1241,shehatesme,1241,-6.3080984415095305
1242,wo,1242,-6.3080984415095305
1243,sight,1243,-6.3080984415095305
1244,dogowner,1244,-6.3080984415095305
1245,bond,1245,-6.3080984415095305
1246,brian,1246,-6.3080984415095305
1247,austin,1247,-6.3080984415095305
1248,texas,1248,-6.3080984415095305
1249,history,1249,-6.3080984415095305
1250,horoscopes,1250,-6.3080984415095305
1251,scare,1251,-6.3080984415095305
1252,creepy,1252,-6.3080984415095305
1253,getoutofmyhead,1253,-6.3080984415095305
1254,motto,1254,-6.3080984415095305
1255,porn,1255,-6.3080984415095305
1256,grapefruit,1256,-6.3080984415095305
1257,sugar,1257,-6.3080984415095305
1258,throwbackthursday,1258,-6.3080984415095305
1259,monster,1259,-6.3080984415095305
1260,i.,1260,-6.3080984415095305
1261,reading,1261,-6.3080984415095305
1262,hunger,1262,-6.3080984415095305
1263,games,1263,-6.3080984415095305
1264,puppet,1264,-6.3080984415095305
1265,write,1265,-6.3080984415095305
1266,paper,1266,-6.3080984415095305
1267,harrypotter,1267,-6.3080984415095305
1268,easy,1268,-6.3080984415095305
1269,provides,1269,-6.3080984415095305
1270,clarity,1270,-6.3080984415095305
1271,fucking,1271,-6.3080984415095305
1272,omnomnom,1272,-6.3080984415095305
1273,gender,1273,-6.3080984415095305
1274,reveal,1274,-6.3080984415095305
1275,success,1275,-6.3080984415095305
1276,nicely,1276,-6.3080984415095305
1277,itsagirl,1277,-6.3080984415095305
1278,bout,1278,-6.3080984415095305
1279,contained,1279,-6.3080984415095305
1280,conversations,1280,-6.3080984415095305
1281,crack,1281,-6.3080984415095305
1282,god,1282,-6.3080984415095305
1283,orgasm,1283,-6.3080984415095305
1284,shadow,1284,-6.3080984415095305
1285,fear,1285,-6.3080984415095305
1286,prettty,1286,-6.3080984415095305
1287,interview,1287,-6.3080984415095305
1288,manicure,1288,-6.3080984415095305
1289,shellac,1289,-6.3080984415095305
1290,alarm,1290,-6.3080984415095305
1291,buying,1291,-6.3080984415095305
1292,catchingfire,1292,-6.3080984415095305
1293,tickets,1293,-6.3080984415095305
1294,ramon,1294,-6.3080984415095305
1295,graduating,1295,-6.3080984415095305
1296,long,1296,-6.3080984415095305
1297,wonder,1297,-6.3080984415095305
1298,daytime,1298,-6.3080984415095305
1299,banana,1299,-6.3080984415095305
1300,mouse,1300,-6.3080984415095305
1301,fabric,1301,-6.3080984415095305
1302,costume,1302,-6.3080984415095305
1303,partayyyyy,1303,-6.3080984415095305
1304,twins,1304,-6.3080984415095305
1305,nerdyj_photography,1305,-6.3080984415095305
1306,bumblebee,1306,-6.3080984415095305
1307,wasted,1307,-6.3080984415095305
1308,haircut,1308,-6.3080984415095305
1309,calls,1309,-6.3080984415095305
1310,stylists,1310,-6.3080984415095305
1311,morningcrew,1311,-6.3080984415095305
1312,touch,1312,-6.3080984415095305
1313,chocolate,1313,-6.3080984415095305
1314,ombr√©,1314,-6.3080984415095305
1315,intact,1315,-6.3080984415095305
1316,serious,1316,-6.3080984415095305
1317,draw,1317,-6.3080984415095305
1318,breckenridge,1318,-6.3080984415095305
1319,mostbeautifullittlegirl,1319,-6.3080984415095305
1320,figure,1320,-6.3080984415095305
1321,felt,1321,-6.3080984415095305
1322,cracks,1322,-6.3080984415095305
1323,read,1323,-6.3080984415095305
1324,darn,1324,-6.3080984415095305
1325,fine,1325,-6.3080984415095305
1326,young,1326,-6.3080984415095305
1327,exercise,1327,-6.3080984415095305
1328,gottastartsomewhere,1328,-6.3080984415095305
1329,target,1329,-6.3080984415095305
1330,leaders,1330,-6.3080984415095305
1331,wehavefun,1331,-6.3080984415095305
1332,working,1332,-6.3080984415095305
1333,entirely,1333,-6.3080984415095305
1334,doggy,1334,-6.3080984415095305
1335,snarling,1335,-6.3080984415095305
1336,snowed,1336,-6.3080984415095305
1337,lucifer,1337,-6.3080984415095305
1338,fatty,1338,-6.3080984415095305
1339,bubbles,1339,-6.3080984415095305
1340,maybe,1340,-6.3080984415095305
1341,water,1341,-6.3080984415095305
1342,craziest,1342,-6.3080984415095305
1343,bitch,1343,-6.3080984415095305
1344,errkuh,1344,-6.3080984415095305
1345,blogged,1345,-6.3080984415095305
1346,robyn,1346,-6.3080984415095305
1347,tj,1347,-6.3080984415095305
1348,website,1348,-6.3080984415095305
1349,hate,1349,-6.3080984415095305
1350,u,1350,-6.3080984415095305
1351,beaches,1351,-6.3080984415095305
1352,julia,1352,-6.3080984415095305
1353,sunbeam,1353,-6.3080984415095305
1354,holy,1354,-6.3080984415095305
1355,erin,1355,-6.3080984415095305
1356,tom,1356,-6.3080984415095305
1357,may,1357,-6.3080984415095305
1358,gotten,1358,-6.3080984415095305
1359,lost,1359,-6.3080984415095305
1360,times,1360,-6.3080984415095305
1361,strawberry,1361,-6.3080984415095305
1362,lazy,1362,-6.3080984415095305
1363,sad,1363,-6.3080984415095305
1364,venue,1364,-6.3080984415095305
1365,enjoy,1365,-6.3080984415095305
1366,everyday,1366,-6.3080984415095305
1367,walking,1367,-6.3080984415095305
1368,sidewalk,1368,-6.3080984415095305
1369,waves,1369,-6.3080984415095305
1370,crashing,1370,-6.3080984415095305
1371,shore,1371,-6.3080984415095305
1372,laying,1372,-6.3080984415095305
1373,terrible,1373,-6.3080984415095305
1374,hunting,1374,-6.3080984415095305
1375,institute,1375,-6.3080984415095305
1376,ruined,1376,-6.3080984415095305
1377,snowball,1377,-6.3080984415095305
1378,fight,1378,-6.3080984415095305
1379,air,1379,-6.3080984415095305
1380,balloon,1380,-6.3080984415095305
1381,weekends,1381,-6.3080984415095305
1382,angle,1382,-6.3080984415095305
1383,skyline,1383,-6.3080984415095305
1384,stars,1384,-6.3080984415095305
1385,teachers,1385,-6.3080984415095305
1386,loop,1386,-6.3080984415095305
1387,sundays,1387,-6.3080984415095305
1388,flooded,1388,-6.3080984415095305
1389,hotel,1389,-6.3080984415095305
1390,changing,1390,-6.3080984415095305
1391,wall,1391,-6.3080984415095305
1392,backyard,1392,-6.3080984415095305
1393,journey,1393,-6.3080984415095305
1394,huckleberry,1394,-6.3080984415095305
1395,finn,1395,-6.3080984415095305
1396,grand,1396,-6.3080984415095305
1397,rapids,1397,-6.3080984415095305
1398,nicaragua,1398,-6.3080984415095305
1399,causing,1399,-6.3080984415095305
1400,havoc,1400,-6.3080984415095305
1401,costco,1401,-6.3080984415095305
1402,jerky,1402,-6.3080984415095305
1403,expected,1403,-6.3080984415095305
1404,ohio,1404,-6.3080984415095305
1405,photographers,1405,-6.3080984415095305
1406,dusting,1406,-6.3080984415095305
1407,present,1407,-6.3080984415095305
1408,pollen,1408,-6.3080984415095305
1409,floral,1409,-6.3080984415095305
1410,sent,1410,-6.3080984415095305
1411,crab,1411,-6.3080984415095305
1412,shrimp,1412,-6.3080984415095305
1413,corn,1413,-6.3080984415095305
1414,potatoes,1414,-6.3080984415095305
1415,series,1415,-6.3080984415095305
1416,sam,1416,-6.3080984415095305
1417,fart,1417,-6.3080984415095305
1418,island,1418,-6.3080984415095305
1419,lake,1419,-6.3080984415095305
1420,diablo,1420,-6.3080984415095305
1421,incredible,1421,-6.3080984415095305
1422,bath,1422,-6.3080984415095305
1423,saddog,1423,-6.3080984415095305
1424,maintained,1424,-6.3080984415095305
1425,office,1425,-6.3080984415095305
1426,adjusting,1426,-6.3080984415095305
1427,farm,1427,-6.3080984415095305
1428,tiny,1428,-6.3080984415095305
1429,minute,1429,-6.3080984415095305
1430,exposure,1430,-6.3080984415095305
1431,ave,1431,-6.3080984415095305
1432,ramps,1432,-6.3080984415095305
1433,grill,1433,-6.3080984415095305
1434,lilly,1434,-6.3080984415095305
1435,windows,1435,-6.3080984415095305
1436,moon,1436,-6.3080984415095305
1437,mount,1437,-6.3080984415095305
1438,rainier,1438,-6.3080984415095305
1439,involves,1439,-6.3080984415095305
1440,1948,1440,-6.3080984415095305
1441,chevy,1441,-6.3080984415095305
1442,1922,1442,-6.3080984415095305
1443,model,1443,-6.3080984415095305
1444,photogenic,1444,-6.3080984415095305
1445,staining,1445,-6.3080984415095305
1446,wood,1446,-6.3080984415095305
1447,boxes,1447,-6.3080984415095305
1448,promo,1448,-6.3080984415095305
1449,kits,1449,-6.3080984415095305
1450,sending,1450,-6.3080984415095305
1451,planners,1451,-6.3080984415095305
1452,spotted,1452,-6.3080984415095305
1453,firemen,1453,-6.3080984415095305
1454,bike,1454,-6.3080984415095305
1455,specialized,1455,-6.3080984415095305
1456,allez,1456,-6.3080984415095305
1457,elite,1457,-6.3080984415095305
1458,michigan,1458,-6.3080984415095305
1459,wrapping,1459,-6.3080984415095305
1460,somewhere,1460,-6.3080984415095305
1461,wallet,1461,-6.3080984415095305
1462,riverfront,1462,-6.3080984415095305
1463,safe,1463,-6.3080984415095305
1464,bark,1464,-6.3080984415095305
1465,angry,1465,-6.3080984415095305
1466,started,1466,-6.3080984415095305
1467,slushy,1467,-6.3080984415095305
1468,parsons,1468,-6.3080984415095305
1469,dakota,1469,-6.3080984415095305
1470,gots,1470,-6.3080984415095305
1471,grub,1471,-6.3080984415095305
1472,whittled,1472,-6.3080984415095305
1473,.tumblr,1473,-6.3080984415095305
1474,mistake,1474,-6.3080984415095305
1475,chili,1475,-6.3080984415095305
1476,breakfast,1476,-6.3080984415095305
1477,cover,1477,-6.3080984415095305
1478,story,1478,-6.3080984415095305
1479,mag,1479,-6.3080984415095305
1480,iron,1480,-6.3080984415095305
1481,vitamins,1481,-6.3080984415095305
1482,practicing,1482,-6.3080984415095305
1483,vows,1483,-6.3080984415095305
1484,ceremony,1484,-6.3080984415095305
1485,nelsonnelsonwedding,1485,-6.3080984415095305
1486,tourist,1486,-6.3080984415095305
1487,cape,1487,-6.3080984415095305
1488,flattery,1488,-6.3080984415095305
1489,lighthouse,1489,-6.3080984415095305
1490,wa,1490,-6.3080984415095305
1491,minneapolis,1491,-6.3080984415095305
1492,missed,1492,-6.3080984415095305
1493,mastered,1493,-6.3080984415095305
1494,bridal,1494,-6.3080984415095305
1495,parties,1495,-6.3080984415095305
1496,nicci,1496,-6.3080984415095305
1497,graham,1497,-6.3080984415095305
1498,freaking,1498,-6.3080984415095305
1499,humboldt,1499,-6.3080984415095305
1500,cucumbers,1500,-6.3080984415095305
1501,strong,1501,-6.3080984415095305
1502,40,1502,-6.3080984415095305
1503,killing,1503,-6.3080984415095305
1504,foggy,1504,-6.3080984415095305
1505,cabin,1505,-6.3080984415095305
1506,spot,1506,-6.3080984415095305
1507,under,1507,-6.3080984415095305
1508,pillow,1508,-6.3080984415095305
1509,sampling,1509,-6.3080984415095305
1510,harvest,1510,-6.3080984415095305
1511,lincoln,1511,-6.3080984415095305
1512,zoo,1512,-6.3080984415095305
1513,road,1513,-6.3080984415095305
1514,cascade,1514,-6.3080984415095305
1515,mountains,1515,-6.3080984415095305
1516,michelle,1516,-6.3080984415095305
1517,tony,1517,-6.3080984415095305
1518,dreamily,1518,-6.3080984415095305
1519,mouthful,1519,-6.3080984415095305
1520,joy,1520,-6.3080984415095305
1521,weather,1521,-6.3080984415095305
1522,leaf,1522,-6.3080984415095305
1523,animals,1523,-6.3080984415095305
1524,agreeable,1524,-6.3080984415095305
1525,questions,1525,-6.3080984415095305
1526,criticisms,1526,-6.3080984415095305
1527,softest,1527,-6.3080984415095305
1528,camera,1528,-6.3080984415095305
1529,hey,1529,-6.3080984415095305
1530,chubby,1530,-6.3080984415095305
1531,furball,1531,-6.3080984415095305
1532,ears,1532,-6.3080984415095305
1533,sunshield,1533,-6.3080984415095305
1534,nail,1534,-6.3080984415095305
1535,clipping,1535,-6.3080984415095305
1536,chilling,1536,-6.3080984415095305
1537,away,1537,-6.3080984415095305
1538,supermodel,1538,-6.3080984415095305
1539,goodmorning,1539,-6.3080984415095305
1540,hide,1540,-6.3080984415095305
1541,treats,1541,-6.3080984415095305
1542,creatures,1542,-6.3080984415095305
1543,yaaay,1543,-6.3080984415095305
1544,eddie,1544,-6.3080984415095305
1545,carrot,1545,-6.3080984415095305
1546,treat,1546,-6.3080984415095305
1547,kindest,1547,-6.3080984415095305
1548,plus-size,1548,-6.3080984415095305
1549,modeling,1549,-6.3080984415095305
1550,smell,1550,-6.3080984415095305
1551,veggies,1551,-6.3080984415095305
1552,innocent,1552,-6.3080984415095305
1553,trust,1553,-6.3080984415095305
1554,talk,1554,-6.3080984415095305
1555,pet,1555,-6.3080984415095305
1556,remember,1556,-6.3080984415095305
1557,walrus,1557,-6.3080984415095305
1558,freshly,1558,-6.3080984415095305
1559,outdoor,1559,-6.3080984415095305
1560,lots,1560,-6.3080984415095305
1561,snacks,1561,-6.3080984415095305
1562,evil,1562,-6.3080984415095305
1563,bits,1563,-6.3080984415095305
1564,pig,1564,-6.3080984415095305
1565,cuddles,1565,-6.3080984415095305
1566,ignore,1566,-6.3080984415095305
1567,dirty,1567,-6.3080984415095305
1568,nose,1568,-6.3080984415095305
1569,matches,1569,-6.3080984415095305
1570,broccoli,1570,-6.3080984415095305
1571,fit,1571,-6.3080984415095305
1572,worldcatday,1572,-6.3080984415095305
1573,bright,1573,-6.3080984415095305
1574,anything,1574,-6.3080984415095305
1575,howheasked,1575,-6.3080984415095305
1576,loveeee,1576,-6.3080984415095305
1577,craig,1577,-6.3080984415095305
1578,hodge,1578,-6.3080984415095305
1579,photography,1579,-6.3080984415095305
1580,dyannajoyphoto,1580,-6.3080984415095305
1581,=,1581,-6.3080984415095305
1582,featherandtwine,1582,-6.3080984415095305
1583,speechless,1583,-6.3080984415095305
1584,anyone,1584,-6.3080984415095305
1585,caseyhphotos,1585,-6.3080984415095305
1586,decision,1586,-6.3080984415095305
1587,wake,1587,-6.3080984415095305
1588,ones,1588,-6.3080984415095305
1589,comments,1589,-6.3080984415095305
1590,christmas,1590,-6.3080984415095305
1591,ajaffe1892,1591,-6.3080984415095305
1592,sparkler,1592,-6.3080984415095305
1593,sparkly,1593,-6.3080984415095305
1594,mil,1594,-6.3080984415095305
1595,take-your-pick,1595,-6.3080984415095305
1596,kinda,1596,-6.3080984415095305
1597,pics..,1597,-6.3080984415095305
1598,zoom,1598,-6.3080984415095305
1599,stunning,1599,-6.3080984415095305
1600,gabrielandco,1600,-6.3080984415095305
1601,omgyes,1601,-6.3080984415095305
1602,shock,1602,-6.3080984415095305
1603,discuss,1603,-6.3080984415095305
1604,fate,1604,-6.3080984415095305
1605,cushion,1605,-6.3080984415095305
1606,low,1606,-6.3080984415095305
1607,obsessed,1607,-6.3080984415095305
1608,halos,1608,-6.3080984415095305
1609,split,1609,-6.3080984415095305
1610,shank,1610,-6.3080984415095305
1611,martha_weddings,1611,-6.3080984415095305
1612,flannel,1612,-6.3080984415095305
1613,alexisfarmer,1613,-6.3080984415095305
1614,doable,1614,-6.3080984415095305
1615,proposals,1615,-6.3080984415095305
1616,flytographerinsta,1616,-6.3080984415095305
1617,pup-posal,1617,-6.3080984415095305
1618,battle,1618,-6.3080984415095305
1619,beauties,1619,-6.3080984415095305
1620,spreading,1620,-6.3080984415095305
1621,meow,1621,-6.3080984415095305
1622,shy,1622,-6.3080984415095305
1623,tagging,1623,-6.3080984415095305
1624,maid,1624,-6.3080984415095305
1625,honor,1625,-6.3080984415095305
1626,eye,1626,-6.3080984415095305
1627,candy,1627,-6.3080984415095305
1628,stackmeplease,1628,-6.3080984415095305
1629,largely,1629,-6.3080984415095305
1630,kissing,1630,-6.3080984415095305
1631,thatsawesome,1631,-6.3080984415095305
1632,run,1632,-6.3080984415095305
1633,else,1633,-6.3080984415095305
1634,yea,1634,-6.3080984415095305
1635,yucky,1635,-6.3080984415095305
1636,nyc,1636,-6.3080984415095305
1637,timeless,1637,-6.3080984415095305
1638,bookmark,1638,-6.3080984415095305
1639,katelynjames,1639,-6.3080984415095305
1640,brian_atwood,1640,-6.3080984415095305
1641,stilettos,1641,-6.3080984415095305
1642,jealous,1642,-6.3080984415095305
1643,inspire,1643,-6.3080984415095305
1644,melting,1644,-6.3080984415095305
1645,roundup,1645,-6.3080984415095305
1646,insta,1646,-6.3080984415095305
1647,cup,1647,-6.3080984415095305
1648,o,1648,-6.3080984415095305
1649,tea,1649,-6.3080984415095305
1650,iwantthis,1650,-6.3080984415095305
1651,jessicabrea,1651,-6.3080984415095305
1652,theknot,1652,-6.3080984415095305
1653,reminding,1653,-6.3080984415095305
1654,page,1654,-6.3080984415095305
1655,learn,1655,-6.3080984415095305
1656,surf,1656,-6.3080984415095305
1657,katiehalleh,1657,-6.3080984415095305
1658,state,1658,-6.3080984415095305
1659,kindergarten,1659,-6.3080984415095305
1660,streets,1660,-6.3080984415095305
1661,nationalproposalday,1661,-6.3080984415095305
1662,brightens,1662,-6.3080984415095305
1663,post-labor,1663,-6.3080984415095305
1664,sadness,1664,-6.3080984415095305
1665,howheasked.com,1665,-6.3080984415095305
1666,priceless,1666,-6.3080984415095305
1667,family-filled,1667,-6.3080984415095305
1668,surprising,1668,-6.3080984415095305
1669,zenphotog1,1669,-6.3080984415095305
1670,emotion,1670,-6.3080984415095305
1671,carousel,1671,-6.3080984415095305
1672,antique,1672,-6.3080984415095305
1673,greenwichjewelers,1673,-6.3080984415095305
1674,dance,1674,-6.3080984415095305
1675,yet,1675,-6.3080984415095305
1676,unique,1676,-6.3080984415095305
1677,really,1677,-6.3080984415095305
1678,examining,1678,-6.3080984415095305
1679,beyonce,1679,-6.3080984415095305
1680,proud,1680,-6.3080984415095305
1681,keelacraft,1681,-6.3080984415095305
1682,screen,1682,-6.3080984415095305
1683,lizfogarty,1683,-6.3080984415095305
1684,core,1684,-6.3080984415095305
1685,personally,1685,-6.3080984415095305
1686,romantic,1686,-6.3080984415095305
1687,congrats,1687,-6.3080984415095305
1688,tuesdayschronicles,1688,-6.3080984415095305
1689,kateprice,1689,-6.3080984415095305
1690,role,1690,-6.3080984415095305
1691,elephant,1691,-6.3080984415095305
1692,helps,1692,-6.3080984415095305
1693,dearfuturehusband,1693,-6.3080984415095305
1694,surprise,1694,-6.3080984415095305
1695,pausing,1695,-6.3080984415095305
1696,race,1696,-6.3080984415095305
1697,quick,1697,-6.3080984415095305
1698,favors,1698,-6.3080984415095305
1699,bold,1699,-6.3080984415095305
1700,free,1700,-6.3080984415095305
1701,falling,1701,-6.3080984415095305
1702,favor,1702,-6.3080984415095305
1703,lips,1703,-6.3080984415095305
1704,nearlynewlywed,1704,-6.3080984415095305
1705,surprised,1705,-6.3080984415095305
1706,needs,1706,-6.3080984415095305
1707,shared,1707,-6.3080984415095305
1708,i.love.this,1708,-6.3080984415095305
1709,four,1709,-6.3080984415095305
1710,carats,1710,-6.3080984415095305
1711,october,1711,-6.3080984415095305
1712,24th,1712,-6.3080984415095305
1713,idea,1713,-6.3080984415095305
1714,ginaryanphoto,1714,-6.3080984415095305
1715,fan,1715,-6.3080984415095305
1716,futuremrs143,1716,-6.3080984415095305
1717,um,1717,-6.3080984415095305
1718,hi,1718,-6.3080984415095305
1719,announcement,1719,-6.3080984415095305
1720,card,1720,-6.3080984415095305
1721,juliannart,1721,-6.3080984415095305
1722,nationaldogday,1722,-6.3080984415095305
1723,teach,1723,-6.3080984415095305
1724,hands,1724,-6.3080984415095305
1725,status,1725,-6.3080984415095305
1726,update,1726,-6.3080984415095305
1727,bottom,1727,-6.3080984415095305
1728,blinded,1728,-6.3080984415095305
1729,telling,1729,-6.3080984415095305
1730,boyfriend,1730,-6.3080984415095305
1731,dreams,1731,-6.3080984415095305
1732,international,1732,-6.3080984415095305
1733,friendship,1733,-6.3080984415095305
1734,robertevans,1734,-6.3080984415095305
1735,magical,1735,-6.3080984415095305
1736,personal,1736,-6.3080984415095305
1737,icebucketchallenge,1737,-6.3080984415095305
1738,nominate,1738,-6.3080984415095305
1739,rather,1739,-6.3080984415095305
1740,wearing,1740,-6.3080984415095305
1741,prefer,1741,-6.3080984415095305
1742,stumped,1742,-6.3080984415095305
1743,reflect,1743,-6.3080984415095305
1744,mikkelpaige,1744,-6.3080984415095305
1745,things,1745,-6.3080984415095305
1746,coco,1746,-6.3080984415095305
1747,shipping,1747,-6.3080984415095305
1748,orlando,1748,-6.3080984415095305
1749,edcorlando,1749,-6.3080984415095305
1750,grocery,1750,-6.3080984415095305
1751,onsieswag,1751,-6.3080984415095305
1752,divadanielle,1752,-6.3080984415095305
1753,tribal,1753,-6.3080984415095305
1754,chief,1754,-6.3080984415095305
1755,auditiontime,1755,-6.3080984415095305
1756,volunteer,1756,-6.3080984415095305
1757,center,1757,-6.3080984415095305
1758,community,1758,-6.3080984415095305
1759,service,1759,-6.3080984415095305
1760,july,1760,-6.3080984415095305
1761,middle,1761,-6.3080984415095305
1762,.21,1762,-6.3080984415095305
1763,jabba,1763,-6.3080984415095305
1764,barge,1764,-6.3080984415095305
1765,burn,1765,-6.3080984415095305
1766,burger,1766,-6.3080984415095305
1767,resting,1767,-6.3080984415095305
1768,spinach,1768,-6.3080984415095305
1769,kale,1769,-6.3080984415095305
1770,burgertime,1770,-6.3080984415095305
1771,sundaycooking,1771,-6.3080984415095305
1772,drummer,1772,-6.3080984415095305
1773,singing,1773,-6.3080984415095305
1774,cow,1774,-6.3080984415095305
1775,bell,1775,-6.3080984415095305
1776,violates,1776,-6.3080984415095305
1777,child,1777,-6.3080984415095305
1778,labor,1778,-6.3080984415095305
1779,laws,1779,-6.3080984415095305
1780,findthehumor,1780,-6.3080984415095305
1781,yep,1781,-6.3080984415095305
1782,.this,1782,-6.3080984415095305
1783,yah,1783,-6.3080984415095305
1784,train,1784,-6.3080984415095305
1785,agents,1785,-6.3080984415095305
1786,nap.time,1786,-6.3080984415095305
1787,mcconnellsicecream,1787,-6.3080984415095305
1788,..lots,1788,-6.3080984415095305
1789,frozen,1789,-6.3080984415095305
1790,yogurt,1790,-6.3080984415095305
1791,alt,1791,-6.3080984415095305
1792,j,1792,-6.3080984415095305
1793,ink,1793,-6.3080984415095305
1794,production,1794,-6.3080984415095305
1795,truck,1795,-6.3080984415095305
1796,boss,1796,-6.3080984415095305
1797,kidboss,1797,-6.3080984415095305
1798,waffle,1798,-6.3080984415095305
1799,sf,1799,-6.3080984415095305
1800,elder,1800,-6.3080984415095305
1801,dieter,1801,-6.3080984415095305
1802,tito,1802,-6.3080984415095305
1803,thoughts,1803,-6.3080984415095305
1804,8th,1804,-6.3080984415095305
1805,bacon,1805,-6.3080984415095305
1806,sunsets,1806,-6.3080984415095305
1807,theory,1807,-6.3080984415095305
1808,voodoo,1808,-6.3080984415095305
1809,backrub,1809,-6.3080984415095305
1810,massage,1810,-6.3080984415095305
1811,king,1811,-6.3080984415095305
1812,beginning,1812,-6.3080984415095305
1813,thestoryofbecomingavegetarian,1813,-6.3080984415095305
1814,diva,1814,-6.3080984415095305
1815,5th,1815,-6.3080984415095305
1816,queen,1816,-6.3080984415095305
1817,bombed,1817,-6.3080984415095305
1818,chris,1818,-6.3080984415095305
1819,welcome,1819,-6.3080984415095305
1820,cruzcooks,1820,-6.3080984415095305
1821,finish,1821,-6.3080984415095305
1822,steel,1822,-6.3080984415095305
1823,aspen,1823,-6.3080984415095305
1824,possibly,1824,-6.3080984415095305
1825,wrong,1825,-6.3080984415095305
1826,cry,1826,-6.3080984415095305
1827,youknowyourgettingoldwhen,1827,-6.3080984415095305
1828,forward,1828,-6.3080984415095305
1829,clay,1829,-6.3080984415095305
1830,grow,1830,-6.3080984415095305
1831,winterxgames,1831,-6.3080984415095305
1832,teambeard,1832,-6.3080984415095305
1833,fries,1833,-6.3080984415095305
1834,bay,1834,-6.3080984415095305
1835,area,1835,-6.3080984415095305
1836,unionpizzacompany,1836,-6.3080984415095305
1837,stretch,1837,-6.3080984415095305
1838,eventyoga,1838,-6.3080984415095305
1839,painting,1839,-6.3080984415095305
1840,volcano,1840,-6.3080984415095305
1841,erupting,1841,-6.3080984415095305
1842,bros,1842,-6.3080984415095305
1843,stache,1843,-6.3080984415095305
1844,mustache,1844,-6.3080984415095305
1845,bit,1845,-6.3080984415095305
1846,dressed,1846,-6.3080984415095305
1847,forced,1847,-6.3080984415095305
1848,cheeseburger,1848,-6.3080984415095305
1849,fawning,1849,-6.3080984415095305
1850,move,1850,-6.3080984415095305
1851,v,1851,-6.3080984415095305
1852,mine,1852,-6.3080984415095305
1853,comedy,1853,-6.3080984415095305
1854,fabulous,1854,-6.3080984415095305
1855,forum,1855,-6.3080984415095305
1856,actually,1856,-6.3080984415095305
1857,nurse,1857,-6.3080984415095305
1858,beardlife,1858,-6.3080984415095305
1859,beards,1859,-6.3080984415095305
1860,missfortune13,1860,-6.3080984415095305
1861,twisted,1861,-6.3080984415095305
1862,blues,1862,-6.3080984415095305
1863,shockthemonster,1863,-6.3080984415095305
1864,austinhortonart,1864,-6.3080984415095305
1865,cartoon,1865,-6.3080984415095305
1866,character,1866,-6.3080984415095305
1867,cointreau,1867,-6.3080984415095305
1868,half,1868,-6.3080984415095305
1869,rack,1869,-6.3080984415095305
1870,babybackribs,1870,-6.3080984415095305
1871,joshua,1871,-6.3080984415095305
1872,quiet,1872,-6.3080984415095305
1873,minutes,1873,-6.3080984415095305
1874,hahahaha,1874,-6.3080984415095305
1875,closed,1875,-6.3080984415095305
1876,sleighs,1876,-6.3080984415095305
1877,..see,1877,-6.3080984415095305
1878,wazuzu,1878,-6.3080984415095305
1879,relax,1879,-6.3080984415095305
1880,pasta,1880,-6.3080984415095305
1881,golf,1881,-6.3080984415095305
1882,cart,1882,-6.3080984415095305
1883,lesson,1883,-6.3080984415095305
1884,gnomes,1884,-6.3080984415095305
1885,proudpapa,1885,-6.3080984415095305
1886,.come,1886,-6.3080984415095305
1887,join,1887,-6.3080984415095305
1888,burning,1888,-6.3080984415095305
1889,sums,1889,-6.3080984415095305
1890,continues,1890,-6.3080984415095305
1891,giada,1891,-6.3080984415095305
1892,landed,1892,-6.3080984415095305
1893,mexico,1893,-6.3080984415095305
1894,amancalledbunny,1894,-6.3080984415095305
1895,kid,1895,-6.3080984415095305
1896,mandala,1896,-6.3080984415095305
1897,done,1897,-6.3080984415095305
1898,extended,1898,-6.3080984415095305
1899,xis__,1899,-6.3080984415095305
1900,star,1900,-6.3080984415095305
1901,wars,1901,-6.3080984415095305
1902,spoons,1902,-6.3080984415095305
1903,chills,1903,-6.3080984415095305
1904,puppylove,1904,-6.3080984415095305
1905,gift,1905,-6.3080984415095305
1906,kelly,1906,-6.3080984415095305
1907,owl,1907,-6.3080984415095305
1908,beanie,1908,-6.3080984415095305
1909,achievement,1909,-6.3080984415095305
1910,award,1910,-6.3080984415095305
1911,excellence,1911,-6.3080984415095305
1912,proudparent,1912,-6.3080984415095305
1913,board,1913,-6.3080984415095305
1914,bday,1914,-6.3080984415095305
1915,messages,1915,-6.3080984415095305
1916,braided,1916,-6.3080984415095305
1917,stare,1917,-6.3080984415095305
1918,holding,1918,-6.3080984415095305
1919,moved,1919,-6.3080984415095305
1920,joshuatreemusicfestival,1920,-6.3080984415095305
1921,ok,1921,-6.3080984415095305
1922,guess,1922,-6.3080984415095305
1923,kit,1923,-6.3080984415095305
1924,deep,1924,-6.3080984415095305
1925,b,1925,-6.3080984415095305
1926,keeps,1926,-6.3080984415095305
1927,lay,1927,-6.3080984415095305
1928,horns,1928,-6.3080984415095305
1929,sky,1929,-6.3080984415095305
1930,diving,1930,-6.3080984415095305
1931,guy,1931,-6.3080984415095305
1932,came,1932,-6.3080984415095305
1933,prayingmantis,1933,-6.3080984415095305
1934,bugs,1934,-6.3080984415095305
1935,mother,1935,-6.3080984415095305
1936,daughter,1936,-6.3080984415095305
1937,..handling,1937,-6.3080984415095305
1938,cups,1938,-6.3080984415095305
1939,clear,1939,-6.3080984415095305
1940,serve,1940,-6.3080984415095305
1941,brazil,1941,-6.3080984415095305
1942,pony,1942,-6.3080984415095305
1943,oc,1943,-6.3080984415095305
1944,party,1944,-6.3080984415095305
1945,tommy,1945,-6.3080984415095305
1946,sweetheart,1946,-6.3080984415095305
1947,7,1947,-6.3080984415095305
1948,soccer,1948,-6.3080984415095305
1949,dude,1949,-6.3080984415095305
1950,bustle,1950,-6.3080984415095305
1951,stand,1951,-6.3080984415095305
1952,pizza,1952,-6.3080984415095305
